{
    "max_depth": 4,
    "learning_rate": 0.046704729564616666,
    "n_estimators": 600,
    "min_child_weight": 5,
    "gamma": 0.001,
    "subsample": 0.7085636696497406,
    "colsample_bytree": 0.725317379458061,
    "objective": "binary:logistic",
    "eval_metric": "logloss",
    "scale_pos_weight": 9.9
}
