{
    "hospital_id": 29.718788146972656,
    "age": 99.09968566894531,
    "bmi": 41.95555114746094,
    "elective_surgery": 311.2216491699219,
    "ethnicity": 25.979158401489258,
    "gender": 26.842967987060547,
    "height": 26.375934600830078,
    "hospital_admit_source": 33.50303649902344,
    "icu_admit_source": 63.607948303222656,
    "icu_id": 37.775691986083984,
    "icu_stay_type": 28.480432510375977,
    "icu_type": 42.22739028930664,
    "pre_icu_los_days": 54.20707702636719,
    "weight": 32.89078903198242,
    "albumin_apache": 41.4597282409668,
    "apache_2_diagnosis": 53.56395721435547,
    "apache_3j_diagnosis": 129.98281860351562,
    "apache_post_operative": 260.39251708984375,
    "arf_apache": 30.822952270507812,
    "bilirubin_apache": 38.25128173828125,
    "bun_apache": 51.322322845458984,
    "creatinine_apache": 37.92463684082031,
    "fio2_apache": 53.4304313659668,
    "gcs_eyes_apache": 218.54666137695312,
    "gcs_motor_apache": 502.325439453125,
    "gcs_unable_apache": 79.66002655029297,
    "gcs_verbal_apache": 222.2155303955078,
    "glucose_apache": 32.43170166015625,
    "heart_rate_apache": 40.49574279785156,
    "hematocrit_apache": 29.136762619018555,
    "intubated_apache": 32.070289611816406,
    "map_apache": 30.281452178955078,
    "paco2_apache": 30.808650970458984,
    "paco2_for_ph_apache": 28.826374053955078,
    "pao2_apache": 27.693317413330078,
    "ph_apache": 29.669431686401367,
    "resprate_apache": 36.52145004272461,
    "sodium_apache": 28.012998580932617,
    "temp_apache": 36.799591064453125,
    "urineoutput_apache": 50.07841491699219,
    "ventilated_apache": 1653.3292236328125,
    "wbc_apache": 34.2366828918457,
    "d1_diasbp_invasive_max": 34.612911224365234,
    "d1_diasbp_invasive_min": 33.94370651245117,
    "d1_diasbp_max": 25.750017166137695,
    "d1_diasbp_min": 32.21851348876953,
    "d1_diasbp_noninvasive_max": 28.408105850219727,
    "d1_diasbp_noninvasive_min": 35.42147445678711,
    "d1_heartrate_max": 79.802001953125,
    "d1_heartrate_min": 62.08161544799805,
    "d1_mbp_invasive_max": 27.43581771850586,
    "d1_mbp_invasive_min": 35.77769088745117,
    "d1_mbp_max": 26.243091583251953,
    "d1_mbp_min": 55.07070541381836,
    "d1_mbp_noninvasive_max": 31.22180938720703,
    "d1_mbp_noninvasive_min": 45.961585998535156,
    "d1_resprate_max": 70.44908905029297,
    "d1_resprate_min": 62.927791595458984,
    "d1_spo2_max": 32.10004806518555,
    "d1_spo2_min": 127.20073699951172,
    "d1_sysbp_invasive_max": 38.512508392333984,
    "d1_sysbp_invasive_min": 37.26182556152344,
    "d1_sysbp_max": 40.79085159301758,
    "d1_sysbp_min": 189.44358825683594,
    "d1_sysbp_noninvasive_max": 42.81697463989258,
    "d1_sysbp_noninvasive_min": 108.05230712890625,
    "d1_temp_max": 46.88608932495117,
    "d1_temp_min": 85.17839813232422,
    "h1_diasbp_invasive_max": 30.076189041137695,
    "h1_diasbp_invasive_min": 33.383941650390625,
    "h1_diasbp_max": 26.488452911376953,
    "h1_diasbp_min": 26.842485427856445,
    "h1_diasbp_noninvasive_max": 26.54549789428711,
    "h1_diasbp_noninvasive_min": 28.349987030029297,
    "h1_heartrate_max": 29.444881439208984,
    "h1_heartrate_min": 28.245702743530273,
    "h1_mbp_invasive_max": 30.12295913696289,
    "h1_mbp_invasive_min": 32.71554183959961,
    "h1_mbp_max": 25.495689392089844,
    "h1_mbp_min": 29.774633407592773,
    "h1_mbp_noninvasive_max": 27.70867347717285,
    "h1_mbp_noninvasive_min": 30.785011291503906,
    "h1_resprate_max": 33.19423294067383,
    "h1_resprate_min": 61.32365798950195,
    "h1_spo2_max": 29.30481719970703,
    "h1_spo2_min": 23.939409255981445,
    "h1_sysbp_invasive_max": 29.502004623413086,
    "h1_sysbp_invasive_min": 29.777647018432617,
    "h1_sysbp_max": 27.280595779418945,
    "h1_sysbp_min": 29.186574935913086,
    "h1_sysbp_noninvasive_max": 29.06972885131836,
    "h1_sysbp_noninvasive_min": 30.65013313293457,
    "h1_temp_max": 36.219966888427734,
    "h1_temp_min": 36.10133361816406,
    "d1_albumin_max": 44.503726959228516,
    "d1_albumin_min": 88.11341094970703,
    "d1_bilirubin_max": 49.108497619628906,
    "d1_bilirubin_min": 55.37491226196289,
    "d1_bun_max": 202.3063507080078,
    "d1_bun_min": 166.17837524414062,
    "d1_calcium_max": 29.42412567138672,
    "d1_calcium_min": 29.34841537475586,
    "d1_creatinine_max": 45.386837005615234,
    "d1_creatinine_min": 36.59451675415039,
    "d1_glucose_max": 31.084991455078125,
    "d1_glucose_min": 33.49647903442383,
    "d1_hco3_max": 34.47585678100586,
    "d1_hco3_min": 38.52894973754883,
    "d1_hemaglobin_max": 33.40346908569336,
    "d1_hemaglobin_min": 43.06623840332031,
    "d1_hematocrit_max": 28.98093605041504,
    "d1_hematocrit_min": 28.911474227905273,
    "d1_inr_max": 56.6741943359375,
    "d1_inr_min": 56.42269515991211,
    "d1_lactate_max": 94.1563720703125,
    "d1_lactate_min": 179.2674560546875,
    "d1_platelets_max": 34.41566848754883,
    "d1_platelets_min": 62.23434066772461,
    "d1_potassium_max": 27.603456497192383,
    "d1_potassium_min": 31.268823623657227,
    "d1_sodium_max": 43.35329818725586,
    "d1_sodium_min": 34.330074310302734,
    "d1_wbc_max": 39.810672760009766,
    "d1_wbc_min": 46.447608947753906,
    "h1_albumin_max": 26.693376541137695,
    "h1_albumin_min": 28.61839485168457,
    "h1_bilirubin_max": 25.119770050048828,
    "h1_bilirubin_min": 25.53577423095703,
    "h1_bun_max": 26.241134643554688,
    "h1_bun_min": 27.975988388061523,
    "h1_calcium_max": 27.62331771850586,
    "h1_calcium_min": 27.94146156311035,
    "h1_creatinine_max": 28.746845245361328,
    "h1_creatinine_min": 30.379575729370117,
    "h1_glucose_max": 30.133684158325195,
    "h1_glucose_min": 31.70486068725586,
    "h1_hco3_max": 25.70838165283203,
    "h1_hco3_min": 28.43820571899414,
    "h1_hemaglobin_max": 27.18880844116211,
    "h1_hemaglobin_min": 28.41145896911621,
    "h1_hematocrit_max": 28.202646255493164,
    "h1_hematocrit_min": 29.072021484375,
    "h1_inr_max": 56.2580680847168,
    "h1_inr_min": 63.70661163330078,
    "h1_lactate_max": 26.81463623046875,
    "h1_lactate_min": 28.225955963134766,
    "h1_platelets_max": 25.540189743041992,
    "h1_platelets_min": 28.848087310791016,
    "h1_potassium_max": 26.702625274658203,
    "h1_potassium_min": 26.855052947998047,
    "h1_sodium_max": 26.968368530273438,
    "h1_sodium_min": 26.236656188964844,
    "h1_wbc_max": 26.82765769958496,
    "h1_wbc_min": 29.213895797729492,
    "d1_arterial_pco2_max": 40.3154182434082,
    "d1_arterial_pco2_min": 83.53731536865234,
    "d1_arterial_ph_max": 39.54510498046875,
    "d1_arterial_ph_min": 109.9676742553711,
    "d1_arterial_po2_max": 31.726459503173828,
    "d1_arterial_po2_min": 43.58464431762695,
    "d1_pao2fio2ratio_max": 72.97569274902344,
    "d1_pao2fio2ratio_min": 87.73802185058594,
    "h1_arterial_pco2_max": 26.723787307739258,
    "h1_arterial_pco2_min": 25.974300384521484,
    "h1_arterial_ph_max": 29.910030364990234,
    "h1_arterial_ph_min": 30.1519775390625,
    "h1_arterial_po2_max": 29.024187088012695,
    "h1_arterial_po2_min": 26.934492111206055,
    "h1_pao2fio2ratio_max": 26.104196548461914,
    "h1_pao2fio2ratio_min": 27.871904373168945,
    "aids": 20.7583065032959,
    "cirrhosis": 29.62384605407715,
    "diabetes_mellitus": 29.645610809326172,
    "hepatic_failure": 30.848308563232422,
    "immunosuppression": 40.56808090209961,
    "leukemia": 27.475418090820312,
    "lymphoma": 31.463966369628906,
    "solid_tumor_with_metastasis": 103.84251403808594,
    "apache_3j_bodysystem": 66.49752044677734,
    "apache_2_bodysystem": 45.163143157958984,
    "renal_function_triad_flag": 53.0366325378418,
    "mods_pentad_flag": 20.748512268066406
}