{
    "LogisticRegression": {
        "SHAP": {
            "age": 3.4891824958507236,
            "h1_mbp_noninvasive_min": 3.1280494806156502,
            "ventilated_apache": 2.8264347257435665,
            "apache_3j_diagnosis": 2.8106312289557533,
            "elective_surgery": 2.7682591605609894,
            "h1_mbp_min": 2.6353829087762657,
            "h1_sysbp_noninvasive_max": 2.5180289481951905,
            "d1_bun_min": 2.379028052735693,
            "d1_heartrate_max": 2.281340710240776,
            "d1_diasbp_max": 2.1179400112629394,
            "h1_sysbp_max": 1.953702642126062,
            "d1_mbp_min": 1.8870491690445788,
            "d1_sysbp_noninvasive_max": 1.8603941031918445,
            "d1_diasbp_noninvasive_max": 1.8465386545581282,
            "d1_platelets_min": 1.8278146067403116,
            "d1_hemaglobin_min": 1.8059633659402652,
            "apache_post_operative": 1.7709365126459722,
            "apache_3j_bodysystem": 1.7120770316830694,
            "gcs_motor_apache": 1.594124450079696,
            "d1_hematocrit_min": 1.4300195786332726,
            "d1_platelets_max": 1.3968125501489803,
            "d1_wbc_min": 1.3274144250566344,
            "d1_mbp_noninvasive_min": 1.2631009871801744,
            "d1_creatinine_max": 1.2471674682124954,
            "d1_sysbp_max": 1.2266161216014222,
            "icu_admit_source": 1.210845190664089,
            "bun_apache": 1.1813328078080565,
            "d1_diasbp_min": 1.1692137458277025,
            "h1_sysbp_min": 1.0527979148821849,
            "gcs_eyes_apache": 1.0460439318928363,
            "d1_hemaglobin_max": 1.0456325647145188,
            "d1_sodium_min": 1.0401055321189407,
            "d1_spo2_min": 0.9408650255031552,
            "d1_lactate_min": 0.9058566606158536,
            "d1_temp_min": 0.8896691681984975,
            "h1_heartrate_max": 0.8654288594864603,
            "weight": 0.8359650209551561,
            "h1_sysbp_noninvasive_min": 0.8222664629012533,
            "h1_mbp_noninvasive_max": 0.8054005910484207,
            "h1_arterial_po2_max": 0.7848928656903836,
            "creatinine_apache": 0.7789160289040691,
            "resprate_apache": 0.7392250495675651,
            "d1_diasbp_noninvasive_min": 0.7140406068013883,
            "h1_wbc_max": 0.6957325397919226,
            "d1_albumin_min": 0.684892292120969,
            "gcs_verbal_apache": 0.6708889108063437,
            "d1_glucose_min": 0.6440793097967734,
            "d1_mbp_noninvasive_max": 0.6186583154064335,
            "h1_wbc_min": 0.6056456507831371,
            "h1_diasbp_min": 0.5969809722234061,
            "d1_hco3_max": 0.5934800429605946,
            "h1_resprate_min": 0.5859479570556212,
            "fio2_apache": 0.5745876254910883,
            "h1_platelets_min": 0.5709370176682768,
            "hospital_admit_source": 0.5677112474633584,
            "h1_platelets_max": 0.5673244032512437,
            "d1_sodium_max": 0.5483935254631412,
            "pre_icu_los_days": 0.5302055219998065,
            "h1_arterial_po2_min": 0.5134373048331118,
            "h1_sodium_max": 0.4908246951194217,
            "d1_arterial_pco2_max": 0.4825043145466708,
            "hematocrit_apache": 0.47751691942551744,
            "diabetes_mellitus": 0.47214275229249586,
            "apache_2_bodysystem": 0.4623976322762373,
            "h1_calcium_max": 0.4617113165621408,
            "d1_mbp_max": 0.45594788608665293,
            "icu_type": 0.41100314365494467,
            "d1_resprate_min": 0.4078319704284526,
            "urineoutput_apache": 0.4037575211896651,
            "h1_calcium_min": 0.3993740956657587,
            "d1_spo2_max": 0.39736180084020256,
            "apache_2_diagnosis": 0.38291402407034525,
            "map_apache": 0.37708539030293137,
            "d1_potassium_min": 0.36495790454102695,
            "wbc_apache": 0.35974294094835324,
            "h1_temp_max": 0.35880429835088573,
            "d1_bun_max": 0.3520442178169588,
            "h1_sodium_min": 0.35073162438527744,
            "gender": 0.34647618769571775,
            "d1_albumin_max": 0.34593491834968276,
            "d1_lactate_max": 0.3436638897745945,
            "h1_pao2fio2ratio_max": 0.3303457744036403,
            "d1_calcium_min": 0.3238650718972608,
            "h1_spo2_min": 0.31670980661489223,
            "h1_resprate_max": 0.3164480915445113,
            "h1_mbp_max": 0.3111206186705195,
            "d1_wbc_max": 0.30536780942352654,
            "icu_id": 0.3047915530605825,
            "h1_hematocrit_max": 0.2989113505801757,
            "d1_sysbp_noninvasive_min": 0.2963756595407039,
            "d1_potassium_max": 0.29558256826190027,
            "h1_diasbp_max": 0.28815182714334314,
            "h1_hemaglobin_max": 0.2876702207898506,
            "h1_potassium_min": 0.2811419541914101,
            "h1_glucose_max": 0.28064905991442013,
            "albumin_apache": 0.27628665995546936,
            "d1_arterial_ph_min": 0.27517592815182323,
            "hospital_id": 0.26960934414962456,
            "h1_potassium_max": 0.2665680769524779,
            "d1_sysbp_min": 0.259010643479203,
            "d1_hematocrit_max": 0.24926425384645476,
            "pao2_apache": 0.23853317007137878,
            "d1_arterial_po2_max": 0.23121434310065325,
            "h1_lactate_min": 0.2289054823717909,
            "d1_arterial_po2_min": 0.2203813667359732,
            "h1_diasbp_invasive_min": 0.21242535782421612,
            "h1_pao2fio2ratio_min": 0.20470996914339176,
            "h1_diasbp_invasive_max": 0.19676313831506606,
            "h1_hemaglobin_min": 0.1954882508746354,
            "immunosuppression": 0.19467244463913305,
            "d1_bilirubin_min": 0.18876749790199598,
            "arf_apache": 0.18819709991981934,
            "h1_arterial_ph_max": 0.18306272894534084,
            "h1_diasbp_noninvasive_max": 0.17897001677349386,
            "d1_pao2fio2ratio_max": 0.17557452692216247,
            "d1_arterial_ph_max": 0.1742594291276907,
            "h1_diasbp_noninvasive_min": 0.16738848470902848,
            "h1_glucose_min": 0.16123808902722891,
            "height": 0.1582400046015781,
            "h1_heartrate_min": 0.15381593704332597,
            "d1_creatinine_min": 0.15376450825442686,
            "h1_lactate_max": 0.15191156024995553,
            "solid_tumor_with_metastasis": 0.14686390775989036,
            "intubated_apache": 0.1462847529005875,
            "d1_mbp_invasive_min": 0.14603741937988954,
            "d1_diasbp_invasive_max": 0.13580718153538843,
            "icu_stay_type": 0.1295578871472987,
            "cirrhosis": 0.1290996682042366,
            "h1_mbp_invasive_min": 0.1251763172741556,
            "h1_temp_min": 0.11923674195561428,
            "d1_temp_max": 0.11430945538243363,
            "d1_arterial_pco2_min": 0.11353900757820896,
            "sodium_apache": 0.11239698027804565,
            "h1_arterial_pco2_min": 0.11143972499052585,
            "h1_creatinine_max": 0.10748899781931269,
            "heart_rate_apache": 0.09685755776528623,
            "gcs_unable_apache": 0.09558233186236603,
            "glucose_apache": 0.09348646425546792,
            "d1_pao2fio2ratio_min": 0.09200196951198124,
            "bmi": 0.08852778331002059,
            "d1_calcium_max": 0.08675016329898272,
            "paco2_apache": 0.08544675448453924,
            "paco2_for_ph_apache": 0.08544675448453924,
            "renal_function_triad_flag": 0.08187002840804058,
            "d1_heartrate_min": 0.07449526770993851,
            "d1_mbp_invasive_max": 0.07167268389779438,
            "h1_inr_min": 0.06783608083619345,
            "d1_inr_min": 0.06783608083619276,
            "h1_hematocrit_min": 0.06670447477576508,
            "h1_creatinine_min": 0.06561496347166515,
            "d1_bilirubin_max": 0.05942742194982779,
            "h1_sysbp_invasive_min": 0.05915342842575633,
            "h1_arterial_pco2_max": 0.05819616722014327,