{
    "XGBOOST": {
        "Inherent": {
            "ventilated_apache": 15.332399954177948,
            "gcs_motor_apache": 4.658391344423495,
            "elective_surgery": 2.8861612867322415,
            "apache_post_operative": 2.4147896015072683,
            "gcs_verbal_apache": 2.0607495103530535,
            "gcs_eyes_apache": 2.0267256956355157,
            "d1_bun_max": 1.8761187052085002,
            "d1_sysbp_min": 1.7568339217558675,
            "d1_lactate_min": 1.662464012436112,
            "d1_bun_min": 1.5410804312647248,
            "apache_3j_diagnosis": 1.2054154330021551,
            "d1_spo2_min": 1.1796153762149038,
            "d1_arterial_ph_min": 1.01980194846454,
            "d1_sysbp_noninvasive_min": 1.0020395001739835,
            "solid_tumor_with_metastasis": 0.9629993438214779,
            "age": 0.9190160037641948,
            "d1_lactate_max": 0.8731734334462109,
            "d1_albumin_min": 0.8171331146250831,
            "d1_pao2fio2ratio_min": 0.8136518867341757,
            "d1_temp_min": 0.7899148269764363,
            "d1_arterial_pco2_min": 0.7746959964308553,
            "d1_heartrate_max": 0.740055999494715,
            "gcs_unable_apache": 0.7387393690083239,
            "d1_pao2fio2ratio_max": 0.6767511831084198,
            "d1_resprate_max": 0.6533203395226994,
            "apache_3j_bodysystem": 0.616674867217826,
            "h1_inr_min": 0.5907929499612988,
            "icu_admit_source": 0.5898779805674566,
            "d1_resprate_min": 0.5835704439160235,
            "d1_platelets_min": 0.5771396212942246,
            "d1_heartrate_min": 0.5757233007462866,
            "h1_resprate_min": 0.5686942670028563,
            "d1_inr_max": 0.525576758832145,
            "d1_inr_min": 0.5232444429812858,
            "h1_inr_max": 0.5217177487669086,
            "d1_bilirubin_min": 0.5135276689553566,
            "d1_mbp_min": 0.5107065604925768,
            "pre_icu_los_days": 0.5026975713215707,
            "apache_2_diagnosis": 0.4967335019545797,
            "fio2_apache": 0.4954952296961255,
            "renal_function_triad_flag": 0.49184327638398834,
            "bun_apache": 0.47594536478040406,
            "urineoutput_apache": 0.4644097954619598,
            "d1_bilirubin_max": 0.45541511992300504,
            "d1_temp_max": 0.4348052786715391,
            "d1_wbc_min": 0.43073896421997754,
            "d1_mbp_noninvasive_min": 0.4262317564976358,
            "d1_creatinine_max": 0.4209017343176938,
            "apache_2_bodysystem": 0.4188272754074361,
            "d1_albumin_max": 0.41271207902024354,
            "d1_arterial_po2_min": 0.4041888263912153,
            "d1_sodium_max": 0.4020434028736251,
            "d1_hemaglobin_min": 0.3993813103181032,
            "d1_sysbp_noninvasive_max": 0.39706972490587655,
            "icu_type": 0.3916021247808119,
            "bmi": 0.38908118316410184,
            "albumin_apache": 0.3844830940478234,
            "d1_sysbp_max": 0.3782801647462816,
            "immunosuppression": 0.37621426687040793,
            "heart_rate_apache": 0.3755434284612126,
            "d1_arterial_pco2_max": 0.37387116128613085,
            "d1_wbc_max": 0.369190327296198,
            "d1_arterial_ph_max": 0.3667275441114195,
            "d1_hco3_min": 0.3573040739535828,
            "d1_sysbp_invasive_max": 0.3571516026387259,
            "bilirubin_apache": 0.35472907754125765,
            "creatinine_apache": 0.3516998864162994,
            "icu_id": 0.35031862365792604,
            "d1_sysbp_invasive_min": 0.3455532052332315,
            "temp_apache": 0.34126660333906805,
            "d1_creatinine_min": 0.3393648155396726,
            "resprate_apache": 0.3386872202810254,
            "h1_temp_max": 0.33589137040729605,
            "h1_temp_min": 0.33479120673659163,
            "d1_mbp_invasive_min": 0.33178985666146926,
            "d1_diasbp_noninvasive_min": 0.32848642942681944,
            "d1_diasbp_invasive_max": 0.3209880953439711,
            "d1_hco3_max": 0.3197171001235117,
            "d1_platelets_max": 0.3191589348321398,
            "d1_sodium_min": 0.3183651642143301,
            "wbc_apache": 0.3174990846945325,
            "d1_diasbp_invasive_min": 0.31478212369136715,
            "hospital_admit_source": 0.31069550331527473,
            "d1_glucose_min": 0.31063469167020763,
            "d1_hemaglobin_max": 0.30977214976792417,
            "h1_diasbp_invasive_min": 0.3095910591273783,
            "h1_resprate_max": 0.30783176656145017,
            "weight": 0.3050177333336984,
            "h1_mbp_invasive_min": 0.3033925518477291,
            "glucose_apache": 0.30076031678402604,
            "d1_diasbp_min": 0.29878328386010616,
            "d1_spo2_max": 0.29768467674110793,
            "intubated_apache": 0.29740870719883444,
            "d1_arterial_po2_max": 0.2942201464048669,
            "h1_glucose_min": 0.29401984650121954,
            "lymphoma": 0.29178587641725184,
            "d1_potassium_min": 0.2899761904898356,
            "d1_mbp_noninvasive_max": 0.28954019681931253,
            "d1_glucose_max": 0.28827139492171183,
            "hepatic_failure": 0.2860764801350996,
            "arf_apache": 0.2858413346989386,
            "paco2_apache": 0.2857087094183357,
            "h1_mbp_noninvasive_min": 0.285489483260988,
            "h1_sysbp_noninvasive_min": 0.28423867014844645,
            "h1_creatinine_min": 0.2817296149265837,
            "map_apache": 0.280819651261524,
            "h1_arterial_ph_min": 0.2796189485010694,
            "h1_glucose_max": 0.2794493020531816,
            "h1_mbp_invasive_max": 0.27934984193677315,
            "h1_diasbp_invasive_max": 0.27891611234145913,
            "h1_arterial_ph_max": 0.2773752145927628,
            "h1_sysbp_invasive_min": 0.2761475374987633,
            "h1_mbp_min": 0.27611959032040206,
            "hospital_id": 0.27560170080442803,
            "ph_apache": 0.2751439861623685,
            "diabetes_mellitus": 0.27492307963670165,
            "cirrhosis": 0.2747212408694357,
            "h1_sysbp_invasive_max": 0.2735913258354379,
            "h1_heartrate_max": 0.2730615853007917,
            "d1_calcium_max": 0.27286910353185045,
            "d1_calcium_min": 0.2721669925838306,
            "h1_spo2_max": 0.2717626782781462,
            "h1_wbc_min": 0.2709195048317523,
            "h1_sysbp_min": 0.27066614066539374,
            "hematocrit_apache": 0.2702041985704049,
            "h1_hematocrit_min": 0.26960381181400245,
            "h1_sysbp_noninvasive_max": 0.2695825507327428,
            "h1_arterial_po2_max": 0.2691602122658241,
            "d1_hematocrit_max": 0.2687591171920775,
            "d1_hematocrit_min": 0.2681149524189383,
            "h1_platelets_min": 0.26752712420471086,
            "paco2_for_ph_apache": 0.2673257630158093,
            "h1_creatinine_max": 0.26658824051647345,
            "h1_albumin_min": 0.2653970362590442,
            "icu_stay_type": 0.2641176215089013,
            "h1_hco3_min": 0.26372602493818,
            "h1_hemaglobin_min": 0.2634779848861801,
            "d1_diasbp_noninvasive_max": 0.26344688922823134,
            "h1_diasbp_noninvasive_min": 0.2629079155118733,
            "h1_heartrate_min": 0.2619408193239611,
            "h1_lactate_min": 0.2617576945533447,
            "h1_hematocrit_max": 0.2615415284351467,
            "sodium_apache": 0.25978280188802083,
            "h1_bun_min": 0.2594395822368046,
            "h1_calcium_min": 0.259119392475605,
            "h1_pao2fio2ratio_min": 0.2584743432980873,
            "h1_mbp_noninvasive_max": 0.25696059676381156,
            "pao2_apache": 0.2568181899707822,
            "h1_calcium_max": 0.2561690371569481,
            "d1_potassium_max": 0.25598485110107744,
            "leukemia": 0.25479746747056337,
            "d1_mbp_invasive_max": 0.2544302273964265,
            "h1_sysbp_max": 0.2529907531418589,
            "h1_hemaglobin_max": 0.2521395493037081,