{
  "XGBoost": {
    "ventilated_apache": 7.69708559262788,
    "age": 6.17281340154277,
    "urineoutput_apache": 4.869239542269015,
    "d1_lactate_min": 4.602287069060075,
    "pre_icu_los_days": 3.6984811461511913,
    "apache_3j_diagnosis": 3.2861585142641148,
    "d1_spo2_min": 3.033478747543573,
    "elective_surgery": 2.4280781139939913,
    "d1_bun_max": 2.34587789699599,
    "d1_heartrate_max": 2.3448206594783314,
    "gcs_eyes_apache": 2.3026633134616716,
    "gcs_verbal_apache": 2.1447384592613337,
    "d1_bilirubin_min": 1.5201753957041788,
    "d1_temp_min": 1.5010129656966065,
    "d1_bilirubin_max": 1.478150204377227,
    "d1_heartrate_min": 1.4390324162238375,
    "d1_wbc_min": 1.3909281091703454,
    "d1_bun_min": 1.3189038032798144,
    "d1_sysbp_min": 1.226395520484637,
    "bmi": 1.2151623718595084,
    "d1_resprate_max": 1.2088189467535533,
    "d1_lactate_max": 1.1642828163221608,
    "d1_mbp_min": 1.0658275724901505,
    "d1_inr_max": 0.985609675837761,
    "apache_3j_bodysystem": 0.924157745123822,
    "icu_id": 0.9194001762943556,
    "d1_temp_max": 0.8605913393745643,
    "hospital_admit_source": 0.790813663209059,
    "d1_hemaglobin_min": 0.7633254877499206,
    "d1_resprate_min": 0.6671168736429363,
    "d1_albumin_min": 0.5454024044224243,
    "d1_hemaglobin_max": 0.5102492569602568,
    "d1_pao2fio2ratio_min": 0.44166097300211815,
    "bilirubin_apache": 0.427916885272549,
    "d1_pao2fio2ratio_max": 0.41549434444005373,
    "fio2_apache": 0.41086893030029487,
    "d1_inr_min": 0.40756506305761003,
    "h1_arterial_po2_min": 0.37069390462924645,
    "d1_sodium_max": 0.3607823029011917,
    "d1_glucose_min": 0.3594607560041178,
    "d1_wbc_max": 0.35879998255558077,
    "paco2_apache": 0.3533816402775775,
    "d1_platelets_min": 0.3490205355172335,
    "solid_tumor_with_metastasis": 0.34888838082752605,
    "h1_resprate_min": 0.34637744172308554,
    "h1_heartrate_max": 0.3428092651009858,
    "h1_spo2_min": 0.33712661344356776,
    "creatinine_apache": 0.3339549008905903,
    "h1_mbp_invasive_min": 0.3334262821317607,
    "pao2_apache": 0.3302545695787832,
    "h1_calcium_max": 0.3258934648184391,
    "h1_sysbp_invasive_max": 0.3142638521241882,
    "h1_pao2fio2ratio_min": 0.31333876929623644,
    "h1_heartrate_min": 0.31095998488150334,
    "d1_arterial_pco2_min": 0.3062024160520371,
    "h1_arterial_po2_max": 0.3052773332240853,
    "h1_hco3_max": 0.3040879410167187,
    "d1_arterial_pco2_max": 0.3027663941196448,
    "d1_sysbp_invasive_max": 0.2920618642533457,
    "h1_wbc_max": 0.2894187704591977,
    "h1_hco3_min": 0.28836153294153855,
    "h1_calcium_min": 0.28532197507826845,
    "heart_rate_apache": 0.2810930250076318,
    "h1_arterial_ph_max": 0.2803000968693874,
    "h1_pao2fio2ratio_max": 0.27950716873114306,
    "d1_arterial_po2_max": 0.2792428593517282,
    "arf_apache": 0.2773926936958247,
    "d1_arterial_ph_max": 0.27712838431640985,
    "h1_arterial_pco2_min": 0.2768640749369951,
    "temp_apache": 0.2760711467987508,
    "h1_diasbp_invasive_min": 0.27448529052226195,
    "h1_platelets_min": 0.27316374362518797,
    "d1_albumin_max": 0.27237081548694364,
    "h1_lactate_min": 0.2709171139001623,
    "h1_temp_min": 0.27065280452074747,
    "ethnicity": 0.26999203107221054,
    "h1_sysbp_invasive_min": 0.26999203107221054,
    "icu_stay_type": 0.2688026388648439,
    "d1_creatinine_max": 0.2670846278986478,
    "immunosuppression": 0.2640450700353777,
    "h1_arterial_pco2_max": 0.2631199872074259,
    "h1_platelets_max": 0.26126982155152234,
    "h1_bun_min": 0.2595518105853262,
    "h1_temp_max": 0.258494573067667,
    "h1_arterial_ph_min": 0.25717302617059307,
    "h1_bun_max": 0.25717302617059307,
    "h1_wbc_min": 0.25638009803234874,
    "h1_potassium_min": 0.2547942417558599,
    "h1_lactate_max": 0.25466208706615256,
    "ph_apache": 0.25426562299703037,
    "h1_albumin_min": 0.2540013136176156,
    "h1_mbp_noninvasive_min": 0.2530762307896638,
    "h1_creatinine_max": 0.2529440760999564,
    "h1_albumin_max": 0.24871512602931972,
    "h1_sodium_max": 0.24646849630429396,
    "d1_spo2_max": 0.24448617595868305,
    "resprate_apache": 0.24395755719985343,
    "h1_diasbp_invasive_max": 0.2438254025101461,
    "h1_bilirubin_min": 0.24356109313073124,
    "h1_inr_max": 0.24290031968219428,
    "h1_creatinine_min": 0.24157877278512033,
    "h1_hematocrit_max": 0.24144661809541293,
    "h1_mbp_invasive_max": 0.23986076181892416,
    "h1_potassium_max": 0.239464297749802,
    "diabetes_mellitus": 0.2391999883703872,
    "paco2_for_ph_apache": 0.238803524301265,
    "h1_hemaglobin_min": 0.23642473988653187,
    "d1_diasbp_invasive_max": 0.23298871795413958,
    "h1_hemaglobin_max": 0.2327244085747248,
    "d1_arterial_ph_min": 0.23087424291882122,
    "h1_sodium_min": 0.22955269602174727,
    "h1_bilirubin_max": 0.22942054133203985,
    "h1_hematocrit_min": 0.2286276131937955,
    "d1_hco3_max": 0.22651313815847718,
    "wbc_apache": 0.22373788967462185,
    "d1_sysbp_invasive_min": 0.22003755836281472,
    "d1_diasbp_invasive_min": 0.2134298238774449,
    "d1_hco3_min": 0.21329766918773752,
    "d1_mbp_invasive_min": 0.21091888477300438,
    "renal_function_triad_flag": 0.20999380194505263,
    "d1_mbp_noninvasive_min": 0.20986164725534523,
    "d1_diasbp_min": 0.20840794566856385,
    "d1_sysbp_noninvasive_max": 0.2061613159435381,
    "intubated_apache": 0.20325391276997543,
    "apache_2_bodysystem": 0.19915711738904612,
    "weight": 0.1959854048360686,
    "d1_mbp_invasive_max": 0.19519247669782425,
    "apache_2_diagnosis": 0.19466385793899466,
    "h1_inr_min": 0.1916243000757245,
    "h1_glucose_min": 0.19083137193748015,
    "d1_sodium_min": 0.18395932807269555,
    "h1_mbp_min": 0.1778802123461553,
    "d1_potassium_min": 0.1753692732417148,
    "d1_sysbp_max": 0.17444419041376302,
    "albumin_apache": 0.17338695289610387,
    "d1_sysbp_noninvasive_min": 0.17325479820639647,
    "height": 0.16902584813575977,
    "d1_arterial_po2_min": 0.16862938406663758,
    "d1_calcium_max": 0.16030363861507163,
    "d1_platelets_max": 0.15937855578711985,
    "d1_potassium_max": 0.1583213182694607,
    "d1_diasbp_noninvasive_min": 0.15792485420033853,
    "icu_type": 0.15647115261355715,
    "apache_post_operative": 0.15475314164736098,
    "d1_glucose_max": 0.15422452288853142,
    "d1_calcium_min": 0.15382805881940922,
    "d1_hematocrit_min": 0.15382805881940922,
    "gcs_unable_apache": 0.15171358378409086,
    "h1_sysbp_noninvasive_max": 0.15012772750760212,
    "h1_diasbp_noninvasive_min": 0.14933479936935773,
    "h1_mbp_noninvasive_max": 0.14523800398842845,
    "map_apache": 0.14233060081486576,
    "glucose_apache": 0.14153767267662135,
    "sodium_apache": 0.14114120860749918,
    "h1_sysbp_min": 0.140744744538377,
    "bun_apache": 0.13863026950305865,
    "h1_diasbp_max": 0.13651579446774031,
    "h1_resprate_max": 0.13440131943242195,
    "h1_glucose_max": 0.1332119272250554,
    "d1_diasbp_max": 0.1329476178456406,
    "d1_mbp_max": 0.13241899908681104,
    "cirrhosis": 0.13228684439710361,
    "d1_creatinine_min": 0.13149391625885926,
    "h1_mbp_max": 0.1295115959132483,
    "h1_sysbp_max": 0.12858651308529653,
    "d1_mbp_noninvasive_max": 0.12739712087792995,
    "hematocrit_apache": 0.12713281149851519,
    "d1_diasbp_noninvasive_max": 0.12528264584261162,
    "hospital_id": 0.12184662391021932,
    "h1_sysbp_noninvasive_min": 0.12078938639256016,
    "h1_diasbp_min": 0.11946783949548619,
    "d1_hematocrit_max": 0.11682474570133827,
    "h1_diasbp_noninvasive_max": 0.11669259101163088,
    "h1_spo2_max": 0.11352087845865336,
    "icu_admit_source": 0.10360927673059865,
    "hepatic_failure": 0.09607645941727706,
    "gender": 0.09277259217459216,
    "leukemia": 0.046914914846125665,
    "mods_pentad_flag": 0.018105192489913283,
    "lymphoma": 0.012422540832495246,
    "aids": 0.0025109391044405285,
    "gcs_motor_apache": 0.0,
    "readmission_status": 0.0
  }
}
