{
  "Tree": {
    "ventilated_apache": 17.263501,
    "d1_sysbp_min": 6.173448,
    "d1_bun_min": 4.140105,
    "d1_lactate_min": 3.392126,
    "age": 2.872405,
    "apache_3j_diagnosis": 2.5354,
    "d1_heartrate_max": 2.498415,
    "gcs_verbal_apache": 1.554839,
    "bun_apache": 0.799408,
    "d1_spo2_min": 0.688913,
    "urineoutput_apache": 0.569862,
    "d1_resprate_max": 0.56287,
    "h1_calcium_max": 0.463508,
    "h1_arterial_pco2_min": 0.461208,
    "h1_pao2fio2ratio_min": 0.459,
    "h1_diasbp_invasive_max": 0.458172,
    "h1_arterial_ph_max": 0.457988,
    "h1_platelets_min": 0.455504,
    "h1_calcium_min": 0.452191,
    "h1_hco3_min": 0.450259,
    "h1_potassium_max": 0.450075,
    "h1_arterial_pco2_max": 0.448419,
    "h1_pao2fio2ratio_max": 0.445935,
    "h1_wbc_max": 0.444279,
    "h1_bun_min": 0.443267,
    "h1_arterial_po2_max": 0.442899,
    "h1_wbc_min": 0.441335,
    "h1_hemaglobin_max": 0.439955,
    "h1_bun_max": 0.437655,
    "h1_mbp_invasive_max": 0.437287,
    "h1_hco3_max": 0.436459,
    "h1_sodium_max": 0.436275,
    "h1_creatinine_min": 0.436275,
    "h1_mbp_invasive_min": 0.434895,
    "h1_creatinine_max": 0.433791,
    "h1_hemaglobin_min": 0.433607,
    "h1_diasbp_invasive_min": 0.432319,
    "h1_potassium_min": 0.432135,
    "h1_platelets_max": 0.431675,
    "icu_stay_type": 0.428731,
    "h1_sysbp_invasive_max": 0.427167,
    "h1_bilirubin_max": 0.426247,
    "h1_hematocrit_min": 0.426247,
    "fio2_apache": 0.426247,
    "h1_sysbp_invasive_min": 0.425419,
    "paco2_apache": 0.425143,
    "h1_arterial_ph_min": 0.418335,
    "h1_sodium_min": 0.418151,
    "h1_lactate_min": 0.416587,
    "h1_hematocrit_max": 0.416311,
    "pao2_apache": 0.416127,
    "ethnicity": 0.415851,
    "d1_mbp_invasive_max": 0.415391,
    "d1_mbp_invasive_min": 0.415023,
    "d1_sysbp_invasive_max": 0.414931,
    "d1_sysbp_invasive_min": 0.414194,
    "ph_apache": 0.414102,
    "d1_lactate_max": 0.41355,
    "h1_arterial_po2_min": 0.412538,
    "h1_lactate_max": 0.410238,
    "h1_bilirubin_min": 0.406742,
    "h1_albumin_min": 0.406282,
    "paco2_for_ph_apache": 0.406098,
    "d1_diasbp_invasive_min": 0.402418,
    "h1_albumin_max": 0.398002,
    "d1_diasbp_invasive_max": 0.395518,
    "d1_pao2fio2ratio_max": 0.393586,
    "d1_pao2fio2ratio_min": 0.378498,
    "d1_inr_max": 0.378406,
    "d1_arterial_ph_min": 0.370769,
    "intubated_apache": 0.368561,
    "arf_apache": 0.363041,
    "h1_inr_max": 0.359361,
    "creatinine_apache": 0.356969,
    "d1_arterial_po2_max": 0.348781,
    "h1_glucose_max": 0.346665,
    "d1_arterial_pco2_min": 0.345929,
    "d1_arterial_ph_max": 0.344181,
    "d1_arterial_po2_min": 0.343353,
    "d1_inr_min": 0.342893,
    "immunosuppression": 0.340409,
    "d1_creatinine_min": 0.338477,
    "albumin_apache": 0.338017,
    "d1_arterial_pco2_max": 0.337005,
    "h1_inr_min": 0.336545,
    "d1_bilirubin_min": 0.336269,
    "bilirubin_apache": 0.331852,
    "elective_surgery": 0.32716,
    "d1_creatinine_max": 0.32578,
    "d1_sysbp_noninvasive_min": 0.320904,
    "h1_heartrate_max": 0.317684,
    "d1_albumin_max": 0.313452,
    "h1_sysbp_noninvasive_min": 0.313084,
    "wbc_apache": 0.310876,
    "d1_hco3_min": 0.310784,
    "d1_glucose_max": 0.310784,
    "h1_sysbp_noninvasive_max": 0.309864,
    "h1_sysbp_min": 0.30968,
    "h1_glucose_min": 0.309404,
    "d1_bilirubin_max": 0.308852,
    "renal_function_triad_flag": 0.30646,
    "apache_2_bodysystem": 0.30646,
    "apache_post_operative": 0.306184,
    "d1_diasbp_min": 0.30554,
    "temp_apache": 0.305172,
    "h1_diasbp_min": 0.30462,
    "height": 0.304252,
    "d1_wbc_min": 0.3037,
    "h1_diasbp_noninvasive_min": 0.30324,
    "d1_albumin_min": 0.30324,
    "h1_diasbp_max": 0.303056,
    "resprate_apache": 0.302136,
    "d1_bun_max": 0.30186,
    "h1_mbp_max": 0.301768,
    "h1_resprate_min": 0.301676,
    "pre_icu_los_days": 0.301492,
    "h1_temp_max": 0.300664,
    "sodium_apache": 0.300388,
    "d1_platelets_min": 0.300112,
    "d1_hematocrit_max": 0.300112,
    "d1_wbc_max": 0.299928,
    "d1_sodium_min": 0.299744,
    "diabetes_mellitus": 0.299376,
    "glucose_apache": 0.299284,
    "d1_mbp_max": 0.299192,
    "hospital_admit_source": 0.2991,
    "d1_potassium_max": 0.298916,
    "d1_potassium_min": 0.29864,
    "d1_calcium_min": 0.298548,
    "d1_mbp_noninvasive_max": 0.297904,
    "heart_rate_apache": 0.29726,
    "d1_resprate_min": 0.29634,
    "d1_mbp_noninvasive_min": 0.295695,
    "d1_diasbp_noninvasive_min": 0.295603,
    "d1_hemaglobin_max": 0.295143,
    "map_apache": 0.295051,
    "d1_hco3_max": 0.293763,
    "h1_temp_min": 0.293579,
    "d1_sysbp_noninvasive_max": 0.292935,
    "d1_sodium_max": 0.292475,
    "d1_hematocrit_min": 0.291647,
    "bmi": 0.291371,
    "d1_temp_min": 0.291371,
    "apache_3j_bodysystem": 0.289991,
    "d1_temp_max": 0.289715,
    "h1_mbp_noninvasive_max": 0.289255,
    "d1_glucose_min": 0.288335,
    "h1_heartrate_min": 0.288243,
    "d1_diasbp_noninvasive_max": 0.287599,
    "d1_calcium_max": 0.287323,
    "d1_platelets_max": 0.287047,
    "solid_tumor_with_metastasis": 0.285023,
    "d1_diasbp_max": 0.284839,
    "d1_mbp_min": 0.283735,
    "hematocrit_apache": 0.283183,
    "h1_diasbp_noninvasive_max": 0.282631,
    "h1_resprate_max": 0.282355,
    "d1_sysbp_max": 0.282263,
    "h1_mbp_min": 0.278123,
    "d1_hemaglobin_min": 0.277847,
    "h1_spo2_min": 0.277571,
    "weight": 0.277387,
    "d1_heartrate_min": 0.277111,
    "hospital_id": 0.276835,
    "apache_2_diagnosis": 0.276651,
    "h1_sysbp_max": 0.276559,
    "icu_id": 0.276099,
    "h1_mbp_noninvasive_min": 0.274719,
    "icu_type": 0.259539,
    "gcs_eyes_apache": 0.257147,
    "icu_admit_source": 0.256779,
    "h1_spo2_max": 0.249878,
    "d1_spo2_max": 0.244174,
    "cirrhosis": 0.22651,
    "gender": 0.221174,
    "hepatic_failure": 0.216389,
    "gcs_unable_apache": 0.169744,
    "leukemia": 0.107827,
    "mods_pentad_flag": 0.051337,
    "lymphoma": 0.050693,
    "aids": 0.006256,
    "gcs_motor_apache": 0.0,
    "readmission_status": 0.0
  }
}