{"max_depth": 5, "learning_rate": 0.004155167059510746, "n_estimators": 1509, "min_child_weight": 4, "subsample": 0.6130341006148317, "colsample_bytree": 0.7305032588047907, "objective": "binary:logistic", "eval_metric": "logloss", "scale_pos_weight": 7.973985890652557}