{
    "age": 6.348861217498779,
    "ventilated_apache": 5.640600681304932,
    "apache_3j_diagnosis": 4.512126922607422,
    "gcs_motor_apache": 3.1626291275024414,
    "d1_spo2_min": 2.9112906455993652,
    "d1_heartrate_max": 2.5494613647460938,
    "d1_bun_max": 2.4383742809295654,
    "d1_heartrate_min": 2.176100254058838,
    "d1_resprate_max": 2.152320384979248,
    "d1_sysbp_min": 2.0763120651245117,
    "icu_id": 2.019176721572876,
    "gcs_verbal_apache": 2.0082664489746094,
    "d1_bun_min": 2.0017645359039307,
    "pre_icu_los_days": 1.8945014476776123,
    "urineoutput_apache": 1.8184455633163452,
    "d1_lactate_min": 1.7518550157546997,
    "apache_3j_bodysystem": 1.5694539546966553,
    "bmi": 1.5305156707763672,
    "d1_temp_min": 1.5269678831100464,
    "d1_resprate_min": 1.459975242614746,
    "gcs_eyes_apache": 1.4158306121826172,
    "d1_temp_max": 1.3149561882019043,
    "d1_wbc_min": 1.2948633432388306,
    "d1_platelets_min": 1.2063567638397217,
    "elective_surgery": 1.0783162117004395,
    "d1_hemaglobin_min": 1.056981086730957,
    "d1_mbp_min": 0.9195119142532349,
    "d1_sodium_max": 0.8965379595756531,
    "apache_2_diagnosis": 0.8642318844795227,
    "d1_albumin_min": 0.854255735874176,
    "d1_hemaglobin_max": 0.8441399931907654,
    "h1_heartrate_min": 0.8188666701316833,
    "h1_heartrate_max": 0.8110155463218689,
    "d1_arterial_ph_min": 0.8007981777191162,
    "d1_arterial_pco2_min": 0.7890728116035461,
    "h1_resprate_min": 0.774185299873352,
    "d1_pao2fio2ratio_min": 0.7256168127059937,
    "d1_glucose_min": 0.6769713163375854,
    "heart_rate_apache": 0.6748784184455872,
    "h1_temp_min": 0.6571687459945679,
    "apache_2_bodysystem": 0.6524469256401062,
    "hospital_admit_source": 0.6267331838607788,
    "d1_pao2fio2ratio_max": 0.5863984823226929,
    "hospital_id": 0.5852670669555664,
    "d1_sysbp_max": 0.5753697752952576,
    "d1_inr_max": 0.569242537021637,
    "resprate_apache": 0.5634469389915466,
    "d1_wbc_max": 0.5548503398895264,
    "icu_type": 0.5467140674591064,
    "d1_sysbp_noninvasive_max": 0.5311461687088013,
    "d1_creatinine_min": 0.5183789730072021,
    "d1_creatinine_max": 0.5061812400817871,
    "solid_tumor_with_metastasis": 0.5050977468490601,
    "creatinine_apache": 0.4972062408924103,
    "d1_lactate_max": 0.4966122508049011,
    "d1_calcium_max": 0.4894924759864807,
    "temp_apache": 0.48362067341804504,
    "d1_sysbp_noninvasive_min": 0.46336451172828674,
    "icu_admit_source": 0.45601436495780945,
    "d1_potassium_min": 0.4475580155849457,
    "d1_hco3_max": 0.43629786372184753,
    "weight": 0.43603745102882385,
    "d1_bilirubin_max": 0.4351896345615387,
    "wbc_apache": 0.4183877110481262,
    "map_apache": 0.41286078095436096,
    "d1_sysbp_invasive_max": 0.4039539396762848,
    "d1_arterial_pco2_max": 0.3941020965576172,
    "d1_arterial_po2_min": 0.3939162492752075,
    "d1_arterial_ph_max": 0.3783899247646332,
    "d1_inr_min": 0.36840465664863586,
    "height": 0.36291781067848206,
    "glucose_apache": 0.36096319556236267,
    "h1_mbp_noninvasive_min": 0.3597259521484375,
    "d1_glucose_max": 0.3578983545303345,
    "d1_bilirubin_min": 0.3438881039619446,
    "d1_mbp_noninvasive_min": 0.33750009536743164,
    "d1_mbp_invasive_min": 0.3317127823829651,
    "albumin_apache": 0.32625651359558105,
    "h1_temp_max": 0.32337313890457153,
    "d1_albumin_max": 0.31918835639953613,
    "d1_sodium_min": 0.3051452934741974,
    "d1_calcium_min": 0.29998478293418884,
    "h1_sysbp_noninvasive_max": 0.29176828265190125,
    "d1_diasbp_min": 0.2911343574523926,
    "fio2_apache": 0.2905997037887573,
    "d1_sysbp_invasive_min": 0.29037147760391235,
    "d1_platelets_max": 0.2892218232154846,
    "d1_potassium_max": 0.28774428367614746,
    "d1_spo2_max": 0.2646830976009369,
    "d1_hco3_min": 0.25658315420150757,
    "d1_diasbp_noninvasive_min": 0.24639342725276947,
    "diabetes_mellitus": 0.24629533290863037,
    "h1_mbp_min": 0.24309836328029633,
    "h1_glucose_max": 0.23895186185836792,
    "ethnicity": 0.23695386946201324,
    "bun_apache": 0.22922062873840332,
    "d1_diasbp_invasive_min": 0.22702282667160034,
    "h1_glucose_min": 0.22659409046173096,
    "h1_spo2_max": 0.2259262651205063,
    "d1_arterial_po2_max": 0.22209246456623077,
    "d1_hematocrit_min": 0.21862564980983734,
    "h1_spo2_min": 0.21728816628456116,
    "gcs_unable_apache": 0.21272997558116913,
    "gender": 0.20783548057079315,
    "h1_sysbp_min": 0.2018153965473175,
    "hematocrit_apache": 0.19727253913879395,
    "h1_diasbp_max": 0.18518440425395966,
    "d1_hematocrit_max": 0.18329988420009613,
    "bilirubin_apache": 0.1705893576145172,
    "h1_sysbp_noninvasive_min": 0.16338425874710083,
    "h1_diasbp_min": 0.15520307421684265,
    "h1_resprate_max": 0.15389461815357208,
    "h1_mbp_noninvasive_max": 0.15341651439666748,
    "h1_sysbp_max": 0.1486647129058838,
    "h1_diasbp_noninvasive_min": 0.14741726219654083,
    "d1_diasbp_max": 0.14684084057807922,
    "paco2_apache": 0.14471468329429626,
    "h1_mbp_max": 0.14287300407886505,
    "immunosuppression": 0.14244364202022552,
    "d1_diasbp_invasive_max": 0.1405300498008728,
    "arf_apache": 0.1392935961484909,
    "h1_inr_min": 0.13526645302772522,
    "sodium_apache": 0.13320723176002502,
    "h1_inr_max": 0.1299128234386444,
    "h1_diasbp_noninvasive_max": 0.12660646438598633,
    "h1_arterial_po2_min": 0.1219525933265686,
    "h1_mbp_invasive_min": 0.12029154598712921,
    "d1_mbp_max": 0.10949687659740448,
    "ph_apache": 0.09684405475854874,
    "h1_hco3_max": 0.0967707708477974,
    "d1_mbp_noninvasive_max": 0.09599994122982025,
    "d1_diasbp_noninvasive_max": 0.08736670762300491,
    "pao2_apache": 0.08436044305562973,
    "h1_calcium_max": 0.08340246975421906,
    "h1_arterial_ph_max": 0.08194315433502197,
    "h1_diasbp_invasive_min": 0.08060064166784286,
    "h1_sysbp_invasive_max": 0.07742771506309509,
    "apache_post_operative": 0.06944194436073303,
    "h1_pao2fio2ratio_min": 0.06807934492826462,
    "d1_mbp_invasive_max": 0.06535644829273224,
    "h1_arterial_po2_max": 0.06089949235320091,
    "h1_wbc_max": 0.05883553624153137,
    "h1_hematocrit_min": 0.057064298540353775,
    "h1_sysbp_invasive_min": 0.05002747103571892,
    "h1_hco3_min": 0.04971231147646904,
    "paco2_for_ph_apache": 0.04823468625545502,
    "h1_potassium_min": 0.04806485027074814,
    "h1_hemaglobin_min": 0.04777064919471741,
    "h1_mbp_invasive_max": 0.04735562950372696,
    "h1_hemaglobin_max": 0.04497252404689789,
    "h1_potassium_max": 0.04023786261677742,
    "h1_calcium_min": 0.037223879247903824,
    "h1_diasbp_invasive_max": 0.03651748597621918,
    "intubated_apache": 0.0328422412276268,
    "h1_albumin_max": 0.032815929502248764,
    "hepatic_failure": 0.03281272202730179,
    "h1_bun_max": 0.031781282275915146,
    "h1_platelets_min": 0.030552610754966736,
    "h1_arterial_ph_min": 0.03046577051281929,
    "h1_lactate_max": 0.028540603816509247,
    "h1_wbc_min": 0.027971098199486732,
    "h1_creatinine_max": 0.02790401689708233,
    "h1_pao2fio2ratio_max": 0.027675550431013107,
    "h1_sodium_min": 0.024419547989964485,
    "h1_hematocrit_max": 0.02272345870733261,
    "h1_arterial_pco2_max": 0.021750006824731827,
    "h1_platelets_max": 0.020344367250800133,
    "icu_stay_type": 0.01975199393928051,
    "h1_sodium_max": 0.019031792879104614,
    "renal_function_triad_flag": 0.018270082771778107,
    "h1_bun_min": 0.016944240778684616,
    "h1_lactate_min": 0.01658320613205433,
    "h1_arterial_pco2_min": 0.01470022089779377,
    "h1_creatinine_min": 0.013474683277308941,
    "h1_albumin_min": 0.012287776917219162,
    "h1_bilirubin_max": 0.010628745891153812,
    "h1_bilirubin_min": 0.00873485952615738,
    "cirrhosis": 0.0014656877610832453,
    "leukemia": 0.0010072655277326703,
    "lymphoma": 0.00039912419742904603,
    "aids": 7.260040001710877e-05,
    "mods_pentad_flag": 4.14515016018413e-05,