{
    "age": 2.835789511088188,
    "h1_mbp_noninvasive_min": 2.656444775273006,
    "h1_mbp_min": 2.193405435777913,
    "d1_bun_min": 2.169355852547718,
    "h1_sysbp_noninvasive_max": 2.106930853371994,
    "apache_3j_diagnosis": 2.093832401220073,
    "elective_surgery": 2.0740523805021547,
    "ventilated_apache": 1.9043925535359254,
    "d1_heartrate_max": 1.8742979867947016,
    "d1_diasbp_max": 1.8038360500339974,
    "d1_platelets_min": 1.6453715461171199,
    "h1_sysbp_max": 1.6147874479447428,
    "gcs_motor_apache": 1.59143177001677,
    "d1_diasbp_noninvasive_max": 1.5783643079463596,
    "d1_mbp_min": 1.5745583604828046,
    "d1_sysbp_noninvasive_max": 1.5377073373060088,
    "d1_hemaglobin_min": 1.5235063521243712,
    "d1_lactate_min": 1.462708004168901,
    "d1_creatinine_max": 1.3767531217391737,
    "h1_arterial_po2_max": 1.3450980373371795,
    "h1_wbc_max": 1.2735996988156026,
    "apache_post_operative": 1.250470937157326,
    "d1_platelets_max": 1.246676386168721,
    "d1_wbc_min": 1.2363065876434056,
    "d1_hematocrit_min": 1.2121878368190353,
    "d1_spo2_min": 1.1839050296374138,
    "apache_3j_bodysystem": 1.1815614239967245,
    "bun_apache": 1.109774559611134,
    "h1_wbc_min": 1.1056865499893371,
    "d1_mbp_noninvasive_min": 1.0544766886004597,
    "d1_sysbp_max": 1.0098336762008284,
    "d1_diasbp_min": 0.9769621293833436,
    "d1_sodium_min": 0.9708503252621606,
    "d1_temp_min": 0.9487848256098923,
    "h1_arterial_po2_min": 0.9187789105591473,
    "h1_platelets_min": 0.9167913059751001,
    "h1_lactate_min": 0.9076257193917062,
    "h1_platelets_max": 0.9044494382928736,
    "icu_admit_source": 0.8973450198552888,
    "gcs_eyes_apache": 0.8718851759147526,
    "h1_sysbp_min": 0.8690717898852455,
    "creatinine_apache": 0.865907443355843,
    "d1_hemaglobin_max": 0.8537955672122326,
    "pre_icu_los_days": 0.8242733744564336,
    "h1_calcium_max": 0.8212334377935661,
    "d1_albumin_min": 0.7959535185122905,
    "h1_heartrate_max": 0.7145918674049161,
    "h1_calcium_min": 0.7115894789690925,
    "h1_sodium_max": 0.7095004779062847,
    "d1_arterial_pco2_max": 0.7058158801095045,
    "weight": 0.7002530986325424,
    "h1_sysbp_noninvasive_min": 0.6912703409016174,
    "h1_mbp_noninvasive_max": 0.6842736795078534,
    "solid_tumor_with_metastasis": 0.656672247300004,
    "gcs_unable_apache": 0.6253488498167136,
    "fio2_apache": 0.6139748890314317,
    "d1_diasbp_noninvasive_min": 0.59946982088345,
    "h1_lactate_max": 0.5968690790016177,
    "h1_pao2fio2ratio_max": 0.5853039655702517,
    "d1_glucose_min": 0.5818501707231041,
    "resprate_apache": 0.5638513291561202,
    "h1_sodium_min": 0.562943175176098,
    "d1_hco3_max": 0.5507588847856639,
    "d1_bilirubin_min": 0.5411418269779443,
    "h1_resprate_min": 0.5404168750974835,
    "gcs_verbal_apache": 0.5340820676431329,
    "d1_mbp_noninvasive_max": 0.5174105688543652,
    "d1_sodium_max": 0.498076541489037,
    "h1_diasbp_min": 0.4928527411551839,
    "d1_spo2_max": 0.4785718892030896,
    "h1_potassium_min": 0.47374038063258084,
    "d1_lactate_max": 0.45243767248057615,
    "urineoutput_apache": 0.4511185174499246,
    "h1_potassium_max": 0.44538406213302406,
    "arf_apache": 0.4302780691442946,
    "hematocrit_apache": 0.42882737260060017,
    "pao2_apache": 0.400746476386178,
    "d1_arterial_ph_min": 0.3929533748804991,
    "h1_hematocrit_max": 0.38971014320281894,
    "h1_temp_max": 0.38846312729016164,
    "d1_albumin_max": 0.38618993589087697,
    "hospital_admit_source": 0.3856940510309421,
    "h1_arterial_ph_max": 0.3856016317367824,
    "d1_mbp_max": 0.3826942398534748,
    "diabetes_mellitus": 0.38213904390615994,
    "h1_spo2_min": 0.3679319527612762,
    "h1_diasbp_invasive_max": 0.3638658002324799,
    "d1_resprate_min": 0.3636564663387712,
    "h1_pao2fio2ratio_min": 0.3628595590124903,
    "h1_hemaglobin_max": 0.3565391950133722,
    "icu_type": 0.3479683488634174,
    "albumin_apache": 0.34006403112544414,
    "apache_2_bodysystem": 0.33948916567675314,
    "d1_potassium_min": 0.3225254722586213,
    "wbc_apache": 0.3176847897904099,
    "d1_bun_max": 0.3118865649468058,
    "h1_glucose_max": 0.30726780936115283,
    "d1_arterial_po2_max": 0.2998775145148812,
    "h1_diasbp_invasive_min": 0.2966070798312936,
    "d1_calcium_min": 0.2868526614658546,
    "h1_resprate_max": 0.28497298169957014,
    "d1_arterial_po2_min": 0.2764237118301177,
    "immunosuppression": 0.27478863231045525,
    "d1_wbc_max": 0.2730601308961813,
    "map_apache": 0.2701992537746811,
    "apache_2_diagnosis": 0.26336288212223324,
    "h1_mbp_max": 0.26059829197138906,
    "renal_function_triad_flag": 0.24771181382946067,
    "d1_potassium_max": 0.24683739138827218,
    "d1_sysbp_noninvasive_min": 0.2441708867762524,
    "h1_diasbp_max": 0.24182087585852713,
    "h1_hemaglobin_min": 0.24133765987545483,
    "icu_id": 0.23953692403287097,
    "d1_mbp_invasive_min": 0.23198751111822108,
    "h1_creatinine_max": 0.22856894857812068,
    "gender": 0.22786910353472337,
    "d1_pao2fio2ratio_max": 0.22741651611739772,
    "d1_arterial_ph_max": 0.22568685874563305,
    "d1_diasbp_invasive_max": 0.22452200989268098,
    "h1_mbp_invasive_min": 0.22187033250871,
    "d1_sysbp_min": 0.21178508822683575,
    "d1_hematocrit_max": 0.2050151776139245,
    "hospital_id": 0.19747953674184834,
    "h1_arterial_pco2_min": 0.19649379942775497,
    "d1_creatinine_min": 0.18471940847092624,
    "h1_glucose_min": 0.17375732549215075,
    "d1_bilirubin_max": 0.1663259602923802,
    "cirrhosis": 0.1619615845457772,
    "icu_stay_type": 0.15618752726650326,
    "h1_diasbp_noninvasive_max": 0.15213353825354597,
    "hepatic_failure": 0.15161430414150037,
    "d1_arterial_pco2_min": 0.14612168032879505,
    "lymphoma": 0.1419167150837718,
    "h1_diasbp_noninvasive_min": 0.13979738234435904,
    "h1_creatinine_min": 0.13936983033215883,
    "d1_pao2fio2ratio_min": 0.13453006509901957,
    "h1_temp_min": 0.13204652521689492,
    "paco2_apache": 0.12724561630547995,
    "paco2_for_ph_apache": 0.12724561630547995,
    "height": 0.1258912603161162,
    "h1_heartrate_min": 0.12541834862289766,
    "intubated_apache": 0.12284047936551616,
    "h1_inr_min": 0.12132078440766772,
    "d1_inr_min": 0.12132078440766653,
    "h1_arterial_ph_min": 0.12037766906252304,
    "d1_mbp_invasive_max": 0.11975920404957086,
    "h1_mbp_invasive_max": 0.11915684263262263,
    "sodium_apache": 0.11363296510837119,
    "h1_hco3_min": 0.11086125090101269,
    "h1_arterial_pco2_max": 0.10340646852008181,
    "d1_temp_max": 0.09792589020526975,
    "h1_sysbp_invasive_max": 0.09624192655978694,
    "aids": 0.09301096792709997,
    "h1_sysbp_invasive_min": 0.08885008195738121,
    "h1_bilirubin_min": 0.08581042686945804,
    "h1_hematocrit_min": 0.08432824279010559,
    "d1_inr_max": 0.08117025481364097,
    "h1_inr_max": 0.08117025481364097,
    "h1_bilirubin_max": 0.08111651258135436,
    "heart_rate_apache": 0.08105506952726178,
    "glucose_apache": 0.07914917032873665,
    "bmi": 0.07630097772344122,
    "d1_calcium_max": 0.07542042523003056,
    "h1_bun_min": 0.07374316392550528,
    "leukemia": 0.07332827991045537,
    "ph_apache": 0.06947866818984036,
    "h1_hco3_max": 0.06497372723245837,
    "bilirubin_apache": 0.06277364404469747,
    "h1_albumin_min": 0.06256356051294798,
    "d1_heartrate_min": 0.06254216103034368,
    "mods_pentad_flag": 0.06032021624884652,
    "d1_sysbp_invasive_min": 0.05337309375416026,
    "h1_albumin_max": 0.04918938798599553,
    "d1_sysbp_invasive_max": 0.03681703725704044,
    "temp_apache": 0.02850141855766428,
    "d1_diasbp_invasive_min": 0.02687890629772814,
    "h1_bun_max": 0.024392642274486183,
    "d1_resprate_max": 0.017046517291798482,
    "ethnicity": 0.0161219284148926,
    "d1_hco3_min": 0.013692535728514478,
    "h1_spo2_max": 0.01107683003863389,
    "d1_glucose_max": 0.0004049276952883826,
    "readmission_status": 0.0
}