{
  "Lime": {
    "elective_surgery": 3.061573,
    "ventilated_apache": 2.809207,
    "d1_lactate_min": 2.113012,
    "age": 1.959417,
    "apache_post_operative": 1.888992,
    "h1_mbp_noninvasive_min": 1.852809,
    "h1_arterial_po2_max": 1.757077,
    "h1_wbc_max": 1.673578,
    "d1_bun_min": 1.596671,
    "h1_wbc_min": 1.547523,
    "h1_mbp_min": 1.535584,
    "h1_sysbp_noninvasive_max": 1.510864,
    "apache_3j_diagnosis": 1.384296,
    "d1_heartrate_max": 1.374958,
    "h1_arterial_po2_min": 1.302591,
    "h1_platelets_min": 1.262856,
    "d1_diasbp_max": 1.218543,
    "h1_platelets_max": 1.183275,
    "gcs_eyes_apache": 1.177892,
    "d1_mbp_min": 1.166172,
    "h1_sysbp_max": 1.165367,
    "d1_platelets_min": 1.128488,
    "d1_sysbp_noninvasive_max": 1.087837,
    "d1_diasbp_noninvasive_max": 1.082014,
    "h1_lactate_min": 1.071503,
    "d1_hemaglobin_min": 1.055755,
    "d1_arterial_pco2_max": 0.974636,
    "d1_albumin_min": 0.965407,
    "h1_calcium_max": 0.943361,
    "d1_wbc_min": 0.912158,
    "d1_platelets_max": 0.879674,
    "h1_calcium_min": 0.845542,
    "d1_spo2_min": 0.840927,
    "d1_hematocrit_min": 0.833896,
    "d1_creatinine_max": 0.827633,
    "d1_mbp_noninvasive_min": 0.767572,
    "h1_lactate_max": 0.762445,
    "solid_tumor_with_metastasis": 0.758563,
    "h1_pao2fio2ratio_max": 0.751129,
    "d1_sodium_min": 0.74168,
    "h1_sodium_max": 0.740801,
    "fio2_apache": 0.738494,
    "d1_diasbp_min": 0.734978,
    "d1_sysbp_max": 0.728276,
    "bun_apache": 0.714946,
    "d1_temp_min": 0.713701,
    "h1_sysbp_min": 0.640162,
    "d1_bilirubin_min": 0.633497,
    "d1_lactate_max": 0.630238,
    "h1_sodium_min": 0.62566,
    "d1_hemaglobin_max": 0.613684,
    "h1_potassium_min": 0.608997,
    "creatinine_apache": 0.60658,
    "h1_potassium_max": 0.57871,
    "icu_admit_source": 0.562742,
    "d1_spo2_max": 0.553513,
    "arf_apache": 0.543003,
    "urineoutput_apache": 0.539853,
    "apache_3j_bodysystem": 0.536337,
    "gcs_verbal_apache": 0.520077,
    "gcs_unable_apache": 0.519088,
    "pao2_apache": 0.510812,
    "pre_icu_los_days": 0.508944,
    "weight": 0.507955,
    "diabetes_mellitus": 0.497591,
    "h1_mbp_noninvasive_max": 0.495723,
    "h1_heartrate_max": 0.495064,
    "h1_sysbp_noninvasive_min": 0.492683,
    "h1_hematocrit_max": 0.477339,
    "h1_diasbp_invasive_max": 0.465033,
    "h1_pao2fio2ratio_min": 0.446209,
    "h1_hemaglobin_max": 0.441595,
    "d1_diasbp_noninvasive_min": 0.439434,
    "d1_albumin_max": 0.433098,
    "d1_glucose_min": 0.429949,
    "h1_resprate_min": 0.422588,
    "d1_arterial_ph_min": 0.417644,
    "resprate_apache": 0.416582,
    "h1_arterial_ph_max": 0.412773,
    "d1_hco3_max": 0.40673,
    "d1_arterial_po2_max": 0.40435,
    "h1_diasbp_invasive_min": 0.403398,
    "albumin_apache": 0.398563,
    "d1_sodium_max": 0.390104,
    "d1_arterial_po2_min": 0.383475,
    "d1_mbp_noninvasive_max": 0.382266,
    "h1_glucose_max": 0.379593,
    "hospital_admit_source": 0.372818,
    "d1_diasbp_invasive_max": 0.362161,
    "h1_creatinine_max": 0.354836,
    "immunosuppression": 0.352565,
    "h1_hemaglobin_min": 0.348793,
    "h1_diasbp_min": 0.347512,
    "d1_mbp_invasive_min": 0.333229,
    "d1_pao2fio2ratio_max": 0.33235,
    "h1_arterial_pco2_min": 0.327955,
    "h1_mbp_invasive_min": 0.323048,
    "d1_mbp_max": 0.311255,
    "hematocrit_apache": 0.309204,
    "renal_function_triad_flag": 0.307813,
    "h1_creatinine_min": 0.301807,
    "h1_spo2_min": 0.300708,
    "h1_mbp_invasive_max": 0.299133,
    "h1_temp_max": 0.298437,
    "d1_arterial_ph_max": 0.296093,
    "intubated_apache": 0.291772,
    "icu_stay_type": 0.291552,
    "d1_resprate_min": 0.289172,
    "d1_bun_max": 0.288989,
    "h1_sysbp_invasive_min": 0.286425,
    "paco2_for_ph_apache": 0.286242,
    "paco2_apache": 0.283971,
    "h1_hco3_min": 0.280016,
    "h1_bun_min": 0.278405,
    "icu_type": 0.276867,
    "h1_arterial_ph_min": 0.27661,
    "d1_pao2fio2ratio_min": 0.276427,
    "d1_potassium_min": 0.274889,
    "h1_glucose_min": 0.27401,
    "h1_arterial_pco2_max": 0.273644,
    "d1_bilirubin_max": 0.271227,
    "d1_mbp_invasive_max": 0.270751,
    "h1_hematocrit_min": 0.270677,
    "h1_hco3_max": 0.266209,
    "ethnicity": 0.265916,
    "h1_sysbp_invasive_max": 0.26555,
    "h1_bun_max": 0.264598,
    "d1_calcium_min": 0.264195,
    "h1_bilirubin_max": 0.263939,
    "d1_arterial_pco2_min": 0.25764,
    "wbc_apache": 0.256981,
    "d1_sysbp_noninvasive_min": 0.255882,
    "h1_inr_min": 0.255113,
    "h1_albumin_max": 0.254893,
    "h1_resprate_max": 0.254014,
    "map_apache": 0.253538,
    "ph_apache": 0.252879,
    "h1_bilirubin_min": 0.252329,
    "d1_inr_min": 0.251158,
    "h1_diasbp_max": 0.250205,
    "h1_albumin_min": 0.249912,
    "d1_diasbp_invasive_min": 0.247788,
    "h1_inr_max": 0.24614,
    "h1_mbp_max": 0.244419,
    "d1_potassium_max": 0.242954,
    "icu_id": 0.240976,
    "d1_sysbp_invasive_min": 0.240207,
    "hospital_id": 0.239585,
    "d1_wbc_max": 0.239292,
    "d1_sysbp_invasive_max": 0.239292,
    "d1_inr_max": 0.238779,
    "d1_creatinine_min": 0.23779,
    "apache_2_diagnosis": 0.236875,
    "d1_sysbp_min": 0.234934,
    "apache_2_bodysystem": 0.231015,
    "h1_diasbp_noninvasive_max": 0.221493,
    "h1_diasbp_noninvasive_min": 0.219369,
    "glucose_apache": 0.219076,
    "bilirubin_apache": 0.218234,
    "h1_temp_min": 0.217062,
    "sodium_apache": 0.216256,
    "h1_heartrate_min": 0.215963,
    "d1_resprate_max": 0.214169,
    "cirrhosis": 0.214096,
    "d1_temp_max": 0.212704,
    "bmi": 0.212228,
    "d1_glucose_max": 0.209921,
    "d1_hematocrit_max": 0.209554,
    "height": 0.208712,
    "temp_apache": 0.208382,
    "d1_hco3_min": 0.205489,
    "d1_heartrate_min": 0.205013,
    "d1_calcium_max": 0.202706,
    "heart_rate_apache": 0.198934,
    "gender": 0.193147,
    "h1_spo2_max": 0.186482,
    "hepatic_failure": 0.167109,
    "leukemia": 0.081265,
    "lymphoma": 0.064749,
    "mods_pentad_flag": 0.040358,
    "aids": 0.00586,
    "gcs_motor_apache": 0.0,
    "readmission_status": 0.0
  }
}