{
    "hospital_id": 2809.169189453125,
    "age": 3648.165283203125,
    "bmi": 2850.4736328125,
    "elective_surgery": 5179.4365234375,
    "ethnicity": 2234.8359375,
    "gender": 2396.412109375,
    "height": 1306.9918212890625,
    "hospital_admit_source": 3069.29052734375,
    "icu_admit_source": 4980.55224609375,
    "icu_id": 3054.75732421875,
    "icu_stay_type": 1140.102783203125,
    "icu_type": 2884.16357421875,
    "pre_icu_los_days": 3111.3720703125,
    "weight": 2171.1884765625,
    "albumin_apache": 2370.98095703125,
    "apache_2_diagnosis": 2549.29541015625,
    "apache_3j_diagnosis": 3882.783447265625,
    "apache_post_operative": 2249.880126953125,
    "arf_apache": 6015.935546875,
    "bilirubin_apache": 1446.38330078125,
    "bun_apache": 1170.268798828125,
    "creatinine_apache": 1640.34716796875,
    "fio2_apache": 2703.666748046875,
    "gcs_eyes_apache": 3178.7412109375,
    "gcs_motor_apache": 4767.921875,
    "gcs_unable_apache": 9102.84765625,
    "gcs_verbal_apache": 3183.1484375,
    "glucose_apache": 1695.7464599609375,
    "heart_rate_apache": 3155.61767578125,
    "hematocrit_apache": 1058.471923828125,
    "intubated_apache": 536.0460205078125,
    "map_apache": 1865.618408203125,
    "paco2_apache": 1608.432861328125,
    "paco2_for_ph_apache": 1733.3489990234375,
    "pao2_apache": 1152.186767578125,
    "ph_apache": 898.024658203125,
    "resprate_apache": 1286.27490234375,
    "sodium_apache": 975.621337890625,
    "temp_apache": 1563.1138916015625,
    "urineoutput_apache": 2644.505859375,
    "ventilated_apache": 7367.54345703125,
    "wbc_apache": 1494.1627197265625,
    "d1_diasbp_invasive_max": 1564.1612548828125,
    "d1_diasbp_invasive_min": 2435.858642578125,
    "d1_diasbp_max": 686.2962646484375,
    "d1_diasbp_min": 1309.118408203125,
    "d1_diasbp_noninvasive_max": 1037.192626953125,
    "d1_diasbp_noninvasive_min": 1955.3209228515625,
    "d1_heartrate_max": 3209.7177734375,
    "d1_heartrate_min": 4001.91796875,
    "d1_mbp_invasive_max": 991.3008422851562,
    "d1_mbp_invasive_min": 2456.828369140625,
    "d1_mbp_max": 708.2639770507812,
    "d1_mbp_min": 2197.568359375,
    "d1_mbp_noninvasive_max": 994.77685546875,
    "d1_mbp_noninvasive_min": 2041.2159423828125,
    "d1_resprate_max": 2457.060302734375,
    "d1_resprate_min": 3440.49658203125,
    "d1_spo2_max": 2176.271728515625,
    "d1_spo2_min": 3227.152099609375,
    "d1_sysbp_invasive_max": 3103.237548828125,
    "d1_sysbp_invasive_min": 3741.385986328125,
    "d1_sysbp_max": 1744.267333984375,
    "d1_sysbp_min": 2384.309814453125,
    "d1_sysbp_noninvasive_max": 2333.916015625,
    "d1_sysbp_noninvasive_min": 2527.501953125,
    "d1_temp_max": 3166.30078125,
    "d1_temp_min": 3106.125,
    "h1_diasbp_invasive_max": 1517.9443359375,
    "h1_diasbp_invasive_min": 2737.76025390625,
    "h1_diasbp_max": 1091.572998046875,
    "h1_diasbp_min": 1774.29150390625,
    "h1_diasbp_noninvasive_max": 1217.1038818359375,
    "h1_diasbp_noninvasive_min": 2133.86962890625,
    "h1_heartrate_max": 2519.391845703125,
    "h1_heartrate_min": 1785.5750732421875,
    "h1_mbp_invasive_max": 1241.171142578125,
    "h1_mbp_invasive_min": 2916.997314453125,
    "h1_mbp_max": 1254.70947265625,
    "h1_mbp_min": 1570.8779296875,
    "h1_mbp_noninvasive_max": 1515.0867919921875,
    "h1_mbp_noninvasive_min": 1941.5179443359375,
    "h1_resprate_max": 1080.0040283203125,
    "h1_resprate_min": 2225.26025390625,
    "h1_spo2_max": 2669.588134765625,
    "h1_spo2_min": 2075.467041015625,
    "h1_sysbp_invasive_max": 2422.84716796875,
    "h1_sysbp_invasive_min": 2975.83154296875,
    "h1_sysbp_max": 1159.349609375,
    "h1_sysbp_min": 1116.42724609375,
    "h1_sysbp_noninvasive_max": 1872.9920654296875,
    "h1_sysbp_noninvasive_min": 1488.1083984375,
    "h1_temp_max": 2321.640625,
    "h1_temp_min": 2048.861328125,
    "d1_albumin_max": 1628.2498779296875,
    "d1_albumin_min": 2768.296630859375,
    "d1_bilirubin_max": 2517.025634765625,
    "d1_bilirubin_min": 3216.392822265625,
    "d1_bun_max": 2768.6884765625,
    "d1_bun_min": 2824.25341796875,
    "d1_calcium_max": 2315.157470703125,
    "d1_calcium_min": 1815.507568359375,
    "d1_creatinine_max": 1671.4891357421875,
    "d1_creatinine_min": 2054.581787109375,
    "d1_glucose_max": 1208.24169921875,
    "d1_glucose_min": 1500.06689453125,
    "d1_hco3_max": 2140.574951171875,
    "d1_hco3_min": 1450.7457275390625,
    "d1_hemaglobin_max": 2317.75341796875,
    "d1_hemaglobin_min": 2370.879150390625,
    "d1_hematocrit_max": 1093.4046630859375,
    "d1_hematocrit_min": 1107.063720703125,
    "d1_inr_max": 2111.928466796875,
    "d1_inr_min": 1458.9627685546875,
    "d1_lactate_max": 1941.0250244140625,
    "d1_lactate_min": 3579.969970703125,
    "d1_platelets_max": 1339.396240234375,
    "d1_platelets_min": 2923.30615234375,
    "d1_potassium_max": 1314.346923828125,
    "d1_potassium_min": 2757.56591796875,
    "d1_sodium_max": 3163.103759765625,
    "d1_sodium_min": 2048.20947265625,
    "d1_wbc_max": 2263.669189453125,
    "d1_wbc_min": 2053.97216796875,
    "h1_albumin_max": 3765.535888671875,
    "h1_albumin_min": 2871.0693359375,
    "h1_bilirubin_max": 1551.239013671875,
    "h1_bilirubin_min": 2204.929931640625,
    "h1_bun_max": 1669.6728515625,
    "h1_bun_min": 2328.63037109375,
    "h1_calcium_max": 2266.084716796875,
    "h1_calcium_min": 2548.8271484375,
    "h1_creatinine_max": 1046.0767822265625,
    "h1_creatinine_min": 1333.9517822265625,
    "h1_glucose_max": 1587.109375,
    "h1_glucose_min": 1766.3428955078125,
    "h1_hco3_max": 4004.004150390625,
    "h1_hco3_min": 4627.89501953125,
    "h1_hemaglobin_max": 2825.71044921875,
    "h1_hemaglobin_min": 2633.319091796875,
    "h1_hematocrit_max": 1166.935302734375,
    "h1_hematocrit_min": 1761.0882568359375,
    "h1_inr_max": 2031.861328125,
    "h1_inr_min": 1748.9124755859375,
    "h1_lactate_max": 1470.715576171875,
    "h1_lactate_min": 1706.09033203125,
    "h1_platelets_max": 1323.949951171875,
    "h1_platelets_min": 1831.6474609375,
    "h1_potassium_max": 2421.65771484375,
    "h1_potassium_min": 2967.612548828125,
    "h1_sodium_max": 1194.0255126953125,
    "h1_sodium_min": 1735.971923828125,
    "h1_wbc_max": 2283.461181640625,
    "h1_wbc_min": 2760.300537109375,
    "d1_arterial_pco2_max": 1986.289306640625,
    "d1_arterial_pco2_min": 2399.514892578125,
    "d1_arterial_ph_max": 2464.6376953125,
    "d1_arterial_ph_min": 2116.908203125,
    "d1_arterial_po2_max": 1259.90087890625,
    "d1_arterial_po2_min": 1847.0164794921875,
    "d1_pao2fio2ratio_max": 2459.505615234375,
    "d1_pao2fio2ratio_min": 2618.54638671875,
    "h1_arterial_pco2_max": 903.3263549804688,
    "h1_arterial_pco2_min": 831.59912109375,
    "h1_arterial_ph_max": 1450.7208251953125,
    "h1_arterial_ph_min": 1436.9461669921875,
    "h1_arterial_po2_max": 1208.18701171875,
    "h1_arterial_po2_min": 3041.186767578125,
    "h1_pao2fio2ratio_max": 1501.723876953125,
    "h1_pao2fio2ratio_min": 2896.869384765625,
    "aids": 4307.22216796875,
    "cirrhosis": 1219.7894287109375,
    "diabetes_mellitus": 2465.936279296875,
    "hepatic_failure": 5504.8173828125,
    "immunosuppression": 7676.0654296875,
    "leukemia": 1134.465087890625,
    "lymphoma": 734.3626098632812,
    "solid_tumor_with_metastasis": 8892.5224609375,
    "apache_3j_bodysystem": 3418.315673828125,
    "apache_2_bodysystem": 2449.01318359375,
    "renal_function_triad_flag": 3180.886962890625,
    "mods_pentad_flag": 133.5191192626953
}